{
    "loss": [
        2.4931857585906982,
        1.0830892324447632,
        0.8776429891586304,
        0.7617005705833435,
        0.68692547082901,
        0.6220465302467346,
        0.5887006521224976,
        0.5294347405433655,
        0.4976945221424103,
        0.47432082891464233,
        0.43414658308029175,
        0.41155728697776794,
        0.38458406925201416,
        0.37074464559555054,
        0.3295324742794037,
        0.3078528940677643,
        0.3049735724925995,
        0.2893896996974945,
        0.2831900417804718,
        0.2809506356716156
    ],
    "accuracy": [
        0.4493601322174072,
        0.7415652871131897,
        0.7898940443992615,
        0.8173128366470337,
        0.8325001001358032,
        0.8468068838119507,
        0.8564915060997009,
        0.8698235750198364,
        0.8784077167510986,
        0.8819608092308044,
        0.889633059501648,
        0.8982800245285034,
        0.9021790623664856,
        0.9049775004386902,
        0.9126182794570923,
        0.9207307696342468,
        0.9217998385429382,
        0.925227165222168,
        0.9255730509757996,
        0.926642119884491
    ],
    "val_loss": [
        0.7049793601036072,
        0.5562458634376526,
        0.49839696288108826,
        0.48455625772476196,
        0.4698971211910248,
        0.4606730341911316,
        0.43347373604774475,
        0.40959879755973816,
        0.4405427575111389,
        0.42601513862609863,
        0.40899765491485596,
        0.4422897398471832,
        0.4235363304615021,
        0.41703179478645325,
        0.40630730986595154,
        0.39684879779815674,
        0.4064883887767792,
        0.39830687642097473,
        0.3923937976360321,
        0.4031950533390045
    ],
    "val_accuracy": [
        0.8331856727600098,
        0.8683710694313049,
        0.8797620534896851,
        0.8869763612747192,
        0.8903936147689819,
        0.8978610038757324,
        0.8991267085075378,
        0.9069737792015076,
        0.9027971029281616,
        0.908239483833313,
        0.9098848104476929,
        0.9086191654205322,
        0.9095051288604736,
        0.9133021235466003,
        0.9165928363800049,
        0.9174787998199463,
        0.916845977306366,
        0.9178584814071655,
        0.9177319407463074,
        0.9164662957191467
    ],
    "lr": [
        9.999999747378752e-05,
        9.999999747378752e-05,
        9.999999747378752e-05,
        9.999999747378752e-05,
        9.999999747378752e-05,
        9.999999747378752e-05,
        9.999999747378752e-05,
        9.999999747378752e-05,
        9.999999747378752e-05,
        9.999999747378752e-05,
        9.999999747378752e-05,
        9.999999747378752e-05,
        9.999999747378752e-05,
        9.999999747378752e-05,
        2.9999999242136255e-05,
        2.9999999242136255e-05,
        2.9999999242136255e-05,
        2.9999999242136255e-05,
        2.9999999242136255e-05,
        2.9999999242136255e-05
    ]
}